{"$schema":"http://schema.management.azure.com/schemas/2015-01-01/deploymentTemplate.json#","contentVersion":"1.0.0.0","parameters":{"workspaceName":{"type":"string","metadata":"Workspace name","defaultValue":"mtcistanbulsynapse"},"mtcistanbulsynapse-WorkspaceDefaultStorage":{"type":"string"},"mtcistanbulsynapse-WorkspaceDefaultSqlServer":{"type":"string"},"TokenizationDemoSourceDb":{"type":"string"}},"variables":{"workspaceId":"[concat('Microsoft.Synapse/workspaces/', parameters('workspaceName'))]"},"resources":[{"name":"[concat(parameters('workspaceName'), '/Get Back To On-Premise')]","type":"Microsoft.Synapse/workspaces/pipelines","apiVersion":"2019-06-01-preview","properties":{"activities":[{"name":"GetDetokenizeOperationList","description":"Get List of Data Detokenize operations from MetaData Tables","type":"Lookup","dependsOn":[],"policy":{"timeout":"7.00:00:00","retry":0,"retryIntervalInSeconds":30,"secureOutput":false,"secureInput":false},"userProperties":[],"typeProperties":{"source":{"type":"AzureSqlSource","sqlReaderStoredProcedureName":"[[dbo].[spGetDetokenizeTableList]","queryTimeout":"02:00:00","partitionOption":"None"},"dataset":{"referenceName":"tokenizationDemoOnPremiseSQLDb","type":"DatasetReference","parameters":{}},"firstRowOnly":false}},{"name":"Transfer ForEach Table","description":"Loop for all tables","type":"ForEach","dependsOn":[{"activity":"GetDetokenizeOperationList","dependencyConditions":["Succeeded"]}],"userProperties":[],"typeProperties":{"items":{"value":"@activity('GetDetokenizeOperationList').output.value","type":"Expression"},"isSequential":true,"activities":[{"name":"GetQueryForTable","description":"Get Query for a table \nThis query getter procedure generate a query to return original Values for tokenized columns also real values for nontokenized columns ","type":"Lookup","dependsOn":[{"activity":"Copy data to On-premise Temp Table","dependencyConditions":["Succeeded"]}],"policy":{"timeout":"7.00:00:00","retry":0,"retryIntervalInSeconds":30,"secureOutput":false,"secureInput":false},"userProperties":[],"typeProperties":{"source":{"type":"AzureSqlSource","sqlReaderStoredProcedureName":"[[dbo].[spGetDetokenizeSelectQueryForTable]","storedProcedureParameters":{"TableName":{"type":"String","value":{"value":"@item().TargetTable","type":"Expression"}}},"queryTimeout":"02:00:00","partitionOption":"None"},"dataset":{"referenceName":"tokenizationOnPremiseSourceDb","type":"DatasetReference","parameters":{}},"firstRowOnly":true}},{"name":"Copy data to On-premise Temp Table","description":"Copy Data From Azure Side to On-Premise Temporary Table (Just Created before) ","type":"Copy","dependsOn":[{"activity":"SP CreateTemporaryTableOnDeTokenizeTarget","dependencyConditions":["Succeeded"]}],"policy":{"timeout":"7.00:00:00","retry":0,"retryIntervalInSeconds":30,"secureOutput":false,"secureInput":false},"userProperties":[],"typeProperties":{"source":{"type":"DelimitedTextSource","storeSettings":{"type":"AzureBlobFSReadSettings","recursive":true,"wildcardFolderPath":{"value":"@item().SourceFolder","type":"Expression"},"wildcardFileName":"*.csv","enablePartitionDiscovery":false},"formatSettings":{"type":"DelimitedTextReadSettings"}},"sink":{"type":"AzureSqlSink","writeBehavior":"insert","sqlWriterUseTableLock":false},"enableStaging":true,"stagingSettings":{"linkedServiceName":{"referenceName":"[parameters('mtcistanbulsynapse-WorkspaceDefaultStorage')]","type":"LinkedServiceReference"},"path":"mtcsynapse/FinanceDemo/staging"}},"inputs":[{"referenceName":"DetokenizeSource","type":"DatasetReference","parameters":{"FolderName":{"value":"@item().SourceFolder","type":"Expression"}}}],"outputs":[{"referenceName":"DetokenizeTarget","type":"DatasetReference","parameters":{"TableName":{"value":"@concat(item().TargetTable, '_Temporary')","type":"Expression"}}}]},{"name":"Run TransferQuery","description":"Trigger previously generated Query to populate Target table with Original values (For tokenized columns) and real values (for Non tokenized columns) over On-Premise Environment","type":"Script","dependsOn":[{"activity":"GetQueryForTable","dependencyConditions":["Succeeded"]}],"policy":{"timeout":"7.00:00:00","retry":0,"retryIntervalInSeconds":30,"secureOutput":false,"secureInput":false},"userProperties":[],"linkedServiceName":{"referenceName":"[parameters('mtcistanbulsynapse-WorkspaceDefaultSqlServer')]","type":"LinkedServiceReference","parameters":{"DBName":"SQLPool"}},"typeProperties":{"scripts":[{"type":"Query","text":{"value":"@activity('GetQueryForTable').output.firstRow.SelectQuery","type":"Expression"}}]}},{"name":"SP CreateTemporaryTableOnDeTokenizeTarget","description":"Create a Temporary Table on DeTokenize Target for join tokens to get original values","type":"SqlServerStoredProcedure","dependsOn":[],"policy":{"timeout":"7.00:00:00","retry":0,"retryIntervalInSeconds":30,"secureOutput":false,"secureInput":false},"userProperties":[],"typeProperties":{"storedProcedureName":"[[dbo].[CreateTemporaryTableOnDeTokenizeTarget]","storedProcedureParameters":{"TargetTableName":{"value":{"value":"@item().TargetTable","type":"Expression"},"type":"String"}}},"linkedServiceName":{"referenceName":"[parameters('TokenizationDemoSourceDb')]","type":"LinkedServiceReference"}}]}}],"policy":{"elapsedTimeMetric":{},"cancelAfter":{}},"folder":{"name":"FinanceDatamartDemo"},"annotations":[],"lastPublishTime":"2022-06-16T12:22:53Z"},"dependsOn":["[concat(variables('workspaceId'), '/datasets/tokenizationDemoOnPremiseSQLDb')]","[concat(variables('workspaceId'), '/datasets/tokenizationOnPremiseSourceDb')]","[concat(variables('workspaceId'), '/datasets/DetokenizeSource')]","[concat(variables('workspaceId'), '/datasets/DetokenizeTarget')]"]},{"name":"[concat(parameters('workspaceName'), '/tokenizationDemoOnPremiseSQLDb')]","type":"Microsoft.Synapse/workspaces/datasets","apiVersion":"2019-06-01-preview","properties":{"linkedServiceName":{"referenceName":"[parameters('TokenizationDemoSourceDb')]","type":"LinkedServiceReference"},"folder":{"name":"FinanceDemo"},"annotations":[],"type":"AzureSqlTable","schema":[],"typeProperties":{"schema":"dbo","table":"taxidata"}},"dependsOn":[]},{"name":"[concat(parameters('workspaceName'), '/tokenizationOnPremiseSourceDb')]","type":"Microsoft.Synapse/workspaces/datasets","apiVersion":"2019-06-01-preview","properties":{"linkedServiceName":{"referenceName":"[parameters('TokenizationDemoSourceDb')]","type":"LinkedServiceReference"},"folder":{"name":"FinanceDemo"},"annotations":[],"type":"AzureSqlTable","schema":[],"typeProperties":{}},"dependsOn":[]},{"name":"[concat(parameters('workspaceName'), '/DetokenizeSource')]","type":"Microsoft.Synapse/workspaces/datasets","apiVersion":"2019-06-01-preview","properties":{"linkedServiceName":{"referenceName":"[parameters('mtcistanbulsynapse-WorkspaceDefaultStorage')]","type":"LinkedServiceReference"},"parameters":{"FolderName":{"type":"string"}},"annotations":[],"type":"DelimitedText","typeProperties":{"location":{"type":"AzureBlobFSLocation","folderPath":{"value":"@dataset().FolderName","type":"Expression"},"fileSystem":"mtcsynapse"},"columnDelimiter":",","escapeChar":"\\","firstRowAsHeader":true,"quoteChar":"\""},"schema":[]},"dependsOn":[]},{"name":"[concat(parameters('workspaceName'), '/DetokenizeTarget')]","type":"Microsoft.Synapse/workspaces/datasets","apiVersion":"2019-06-01-preview","properties":{"linkedServiceName":{"referenceName":"[parameters('TokenizationDemoSourceDb')]","type":"LinkedServiceReference"},"parameters":{"TableName":{"type":"string"}},"annotations":[],"type":"AzureSqlTable","schema":[],"typeProperties":{"schema":"dbo","table":{"value":"@dataset().TableName","type":"Expression"}}},"dependsOn":[]}]}