{"$schema":"http://schema.management.azure.com/schemas/2015-01-01/deploymentTemplate.json#","contentVersion":"1.0.0.0","parameters":{"workspaceName":{"type":"string","metadata":"Workspace name","defaultValue":"mtcistanbulsynapse"},"TokenizationDemoSourceDb":{"type":"string"},"mtcistanbulsynapse-WorkspaceDefaultStorage":{"type":"string"}},"variables":{"workspaceId":"[concat('Microsoft.Synapse/workspaces/', parameters('workspaceName'))]"},"resources":[{"name":"[concat(parameters('workspaceName'), '/Move Data To Azure')]","type":"Microsoft.Synapse/workspaces/pipelines","apiVersion":"2019-06-01-preview","properties":{"activities":[{"name":"GetTableList","description":"Get List of table to marked as permitted to move Azure\nwith Query \n\nSelect SchemaName, TableName from tbTableList where \nMoveToAzure = 1","type":"Lookup","dependsOn":[],"policy":{"timeout":"7.00:00:00","retry":0,"retryIntervalInSeconds":30,"secureOutput":false,"secureInput":false},"userProperties":[],"typeProperties":{"source":{"type":"AzureSqlSource","sqlReaderStoredProcedureName":"[[dbo].[spGetTokenizeTableList]","queryTimeout":"02:00:00","partitionOption":"None"},"dataset":{"referenceName":"tokenizationDemoOnPremiseSQLDb","type":"DatasetReference","parameters":{}},"firstRowOnly":false}},{"name":"Transfer ForEach Table","description":"Loop for all tokenizable tables","type":"ForEach","dependsOn":[{"activity":"GetTableList","dependencyConditions":["Succeeded"]}],"userProperties":[],"typeProperties":{"items":{"value":"@activity('GetTableList').output.value","type":"Expression"},"isSequential":true,"activities":[{"name":"GetQueryForTable","description":"Get Query for a table \nthis query getter procedure generate a query to return tokens for tokenized columns also real values for nontokenized columns ","type":"Lookup","dependsOn":[{"activity":"GenerateMissedTokensForTable","dependencyConditions":["Succeeded"]}],"policy":{"timeout":"7.00:00:00","retry":0,"retryIntervalInSeconds":30,"secureOutput":false,"secureInput":false},"userProperties":[],"typeProperties":{"source":{"type":"AzureSqlSource","sqlReaderStoredProcedureName":"[[dbo].[spGetSelectQueryForTable]","storedProcedureParameters":{"SchemaName":{"type":"String","value":{"value":"@item().SchemaName","type":"Expression"}},"TableName":{"type":"String","value":{"value":"@item().TableName","type":"Expression"}}},"queryTimeout":"02:00:00","partitionOption":"None"},"dataset":{"referenceName":"tokenizationDemoOnPremiseSQLDb","type":"DatasetReference","parameters":{}},"firstRowOnly":true}},{"name":"Copy data To Azure","description":"Copy query data into a file. \nFile name generated by schema name and table name ","type":"Copy","dependsOn":[{"activity":"GetQueryForTable","dependencyConditions":["Succeeded"]}],"policy":{"timeout":"7.00:00:00","retry":0,"retryIntervalInSeconds":30,"secureOutput":false,"secureInput":false},"userProperties":[],"typeProperties":{"source":{"type":"AzureSqlSource","sqlReaderQuery":{"value":"@activity('GetQueryForTable').output.firstRow.SelectQuery","type":"Expression"},"queryTimeout":"02:00:00","partitionOption":"None"},"sink":{"type":"DelimitedTextSink","storeSettings":{"type":"AzureBlobFSWriteSettings"},"formatSettings":{"type":"DelimitedTextWriteSettings","quoteAllText":true,"fileExtension":".csv"}},"enableStaging":false,"translator":{"type":"TabularTranslator","typeConversion":true,"typeConversionSettings":{"allowDataTruncation":true,"treatBooleanAsNumber":false}}},"inputs":[{"referenceName":"tokenizationOnPremiseSourceDb","type":"DatasetReference","parameters":{}}],"outputs":[{"referenceName":"TargetStorage","type":"DatasetReference","parameters":{"FileName":{"value":"@concat(item().SchemaName,'.', item().TableName , '.csv')","type":"Expression"}}}]},{"name":"GenerateMissedTokensForTable","description":"Populate tbTokens Table with original Data and Tokens. in next executions if tokens exist for a specific original value, procedure did not generate new token again.","type":"SqlServerStoredProcedure","dependsOn":[],"policy":{"timeout":"7.00:00:00","retry":0,"retryIntervalInSeconds":30,"secureOutput":false,"secureInput":false},"userProperties":[],"typeProperties":{"storedProcedureName":"[[dbo].[spGenerateMissedTokenForTable]","storedProcedureParameters":{"SchemaName":{"value":{"value":"@item().SchemaName","type":"Expression"},"type":"String"},"TableName":{"value":{"value":"@item().TableName","type":"Expression"},"type":"String"}}},"linkedServiceName":{"referenceName":"[parameters('TokenizationDemoSourceDb')]","type":"LinkedServiceReference"}}]}}],"policy":{"elapsedTimeMetric":{},"cancelAfter":{}},"folder":{"name":"FinanceDatamartDemo"},"annotations":[],"lastPublishTime":"2022-06-16T12:07:11Z"},"dependsOn":["[concat(variables('workspaceId'), '/datasets/tokenizationDemoOnPremiseSQLDb')]","[concat(variables('workspaceId'), '/datasets/tokenizationOnPremiseSourceDb')]","[concat(variables('workspaceId'), '/datasets/TargetStorage')]"]},{"name":"[concat(parameters('workspaceName'), '/tokenizationDemoOnPremiseSQLDb')]","type":"Microsoft.Synapse/workspaces/datasets","apiVersion":"2019-06-01-preview","properties":{"linkedServiceName":{"referenceName":"[parameters('TokenizationDemoSourceDb')]","type":"LinkedServiceReference"},"folder":{"name":"FinanceDemo"},"annotations":[],"type":"AzureSqlTable","schema":[],"typeProperties":{"schema":"dbo","table":"taxidata"}},"dependsOn":[]},{"name":"[concat(parameters('workspaceName'), '/tokenizationOnPremiseSourceDb')]","type":"Microsoft.Synapse/workspaces/datasets","apiVersion":"2019-06-01-preview","properties":{"linkedServiceName":{"referenceName":"[parameters('TokenizationDemoSourceDb')]","type":"LinkedServiceReference"},"folder":{"name":"FinanceDemo"},"annotations":[],"type":"AzureSqlTable","schema":[],"typeProperties":{}},"dependsOn":[]},{"name":"[concat(parameters('workspaceName'), '/TargetStorage')]","type":"Microsoft.Synapse/workspaces/datasets","apiVersion":"2019-06-01-preview","properties":{"linkedServiceName":{"referenceName":"[parameters('mtcistanbulsynapse-WorkspaceDefaultStorage')]","type":"LinkedServiceReference"},"parameters":{"FileName":{"type":"string"}},"folder":{"name":"FinanceDemo"},"annotations":[],"type":"DelimitedText","typeProperties":{"location":{"type":"AzureBlobFSLocation","fileName":{"value":"@dataset().FileName","type":"Expression"},"folderPath":"FinanceDemo","fileSystem":"mtcsynapse"},"columnDelimiter":",","escapeChar":"\\","firstRowAsHeader":true,"quoteChar":"\""},"schema":[]},"dependsOn":[]}]}