{"name":"f05dfc0b-67c5-4ee7-a9e0-f857952cad71","id":"/providers/Microsoft.Flow/flows/f05dfc0b-67c5-4ee7-a9e0-f857952cad71","type":"Microsoft.Flow/flows","properties":{"apiId":"/providers/Microsoft.PowerApps/apis/shared_logicflows","displayName":"TokenizeApprovalFlow","definition":{"metadata":{"workflowEntityId":null,"processAdvisorMetadata":null,"flowclientsuspensionreason":"None","flowclientsuspensiontime":null,"creator":{"id":"e0f1bbbb-f090-40a8-9754-30c894c9b5f4","type":"User","tenantId":"72f988bf-86f1-41af-91ab-2d7cd011db47"},"provisioningMethod":"FromDefinition","failureAlertSubscription":true,"clientLastModifiedTime":"2022-05-27T10:41:05.4929753Z"},"$schema":"https://schema.management.azure.com/providers/Microsoft.Logic/schemas/2016-06-01/workflowdefinition.json#","contentVersion":"1.0.0.0","parameters":{"$connections":{"defaultValue":{},"type":"Object"},"$authentication":{"defaultValue":{},"type":"SecureObject"}},"triggers":{"manual":{"metadata":{"operationMetadataId":"05b215d6-045c-4537-ba8e-edadd59c5fe0"},"type":"Request","kind":"PowerAppV2","inputs":{"schema":{"type":"object","properties":{"text_1":{"title":"ApproverEmail","type":"string","x-ms-dynamically-added":true,"description":"Please enter your input","x-ms-content-hint":"TEXT"},"text":{"title":"RequestorName","type":"string","x-ms-dynamically-added":true,"description":"Please enter your input","x-ms-content-hint":"TEXT"}},"required":["text_1","text"]}}}},"actions":{"Post_adaptive_card_in_a_chat_or_channel":{"runAfter":{},"metadata":{"operationMetadataId":"72933624-2b98-4fb1-b603-3778dd65bf27"},"type":"OpenApiConnection","inputs":{"host":{"apiId":"/providers/Microsoft.PowerApps/apis/shared_teams","connectionName":"shared_teams","operationId":"PostCardToConversation"},"parameters":{"poster":"Flow bot","location":"Chat with Flow bot","body/recipient":"@{triggerBody()['text_1']};","body/messageBody":"{\n    \"type\": \"AdaptiveCard\",\n    \"body\": [\n        {\n            \"type\": \"TextBlock\",\n            \"size\": \"Medium\",\n            \"weight\": \"Bolder\",\n            \"text\": \"New Data Copy & Tokenization Request\",\n            \"wrap\": true,\n            \"style\": \"heading\"\n        },\n        {\n            \"type\": \"TextBlock\",\n            \"text\": \"@{triggerBody()['text']} made a new copy request with tokenization for specific columns. Please review this request and approve/reject from the app.\",\n            \"wrap\": true\n        }\n    ],\n    \"actions\": [\n        {\n            \"type\": \"Action.OpenUrl\",\n            \"title\": \"View Request Details & Approve\",\n            \"url\": \"https://apps.preview.powerapps.com/play/e/a8d4b0f4-03c9-45a5-9fbc-697add948ba8/a/ef3900b6-98f4-417c-b90f-8b7d29ca8467?tenantId=72f988bf-86f1-41af-91ab-2d7cd011db47&source=portal&screenColor=RGBA(0%2C176%2C240%2C1)&hidenavbar=true\"\n        }\n    ],\n    \"$schema\": \"http://adaptivecards.io/schemas/adaptive-card.json\",\n    \"version\": \"1.4\"\n}"},"authentication":{"value":"@json(decodeBase64(triggerOutputs().headers['X-MS-APIM-Tokens']))['$ConnectionKey']","type":"Raw"}}}},"outputs":{},"description":"Create one or more actions to happen when a button or link in Power Apps is selected. To use this flow from a Power App, select the control you want to trigger the flow and go to the Action tab in the Power Apps ribbon and select Flows."},"connectionReferences":{"shared_teams":{"connectionName":"shared-teams-16a6289e-115e-46d2-aa91-e4fed6416e1e","source":"Invoker","id":"/providers/Microsoft.PowerApps/apis/shared_teams","tier":"NotSpecified"}},"flowFailureAlertSubscribed":false,"isManaged":false}}