{"schemaVersion":"1.0","appDefinitionTemplate":{"id":"/providers/Microsoft.PowerApps/apps/","type":"Microsoft.PowerApps/apps","tags":{"primaryDeviceWidth":"1366","primaryDeviceHeight":"768","sienaVersion":"20220616T123641Z-3.22055.13.0","deviceCapabilities":"","supportsPortrait":"true","supportsLandscape":"true","primaryFormFactor":"Tablet","publisherVersion":"3.22055.13","minimumRequiredApiVersion":"2.2.0","hasComponent":"false","hasUnlockedComponent":"false","isUnifiedRootApp":"false"},"properties":{"appVersion":"2022-06-16T12:36:41Z","lifeCycleId":"Published","createdByClientVersion":{"major":3,"minor":22055,"build":13,"revision":0,"majorRevision":0,"minorRevision":0},"minClientVersion":{"major":3,"minor":22055,"build":13,"revision":0,"majorRevision":0,"minorRevision":0},"backgroundColor":"RGBA(0,176,240,1)","backgroundImageUri":"/10976962421697594647/N796b1250-5c5b-4917-96ac-3f150feae608-logoSmallFile","displayName":"Data Tokenization App","description":"","commitMessage":"","appUris":{"documentUri":{"value":"/10976962421697594647/N63782769-95d1-40b8-bc7f-6d6a0746ca7e-document.msapp"},"imageUris":[]},"createdTime":"0001-01-01T00:00:00Z","lastModifiedTime":"0001-01-01T00:00:00Z","sharedGroupsCount":0,"sharedUsersCount":0,"icons":{"smallIconUri":"/10976962421697594647/N7658e91e-3b8e-4832-88ad-1ef453cfb8e0-small.png","mediumIconUri":"/10976962421697594647/N5c73a486-9f5b-4717-8e27-b77bbe4c7f6f-medium.png","largeIconUri":"/10976962421697594647/N90d94ae1-d202-4724-8b68-72e26c97ba86-large.png","wideIconUri":"/10976962421697594647/N4cd581df-7704-41f7-a411-14dcb48d82bf-wide.png"},"connectionReferences":{"7cb3a5f8-b637-454c-90c5-124065ff50d2":{"id":"fef40a56-7e3c-46ad-b4f0-4547afd72296","displayName":"SQL Server","iconUri":"https://connectoricons-prod.azureedge.net/releases/v1.0.1580/1.0.1580.2840/sql/icon.png","dataSources":["tbColumnList","tbApproveRequestDetails"],"dependencies":[],"dependents":[],"parameterHints":{},"parameterHintsV2":{},"isOnPremiseConnection":false,"sharedConnectionId":"5804f2ae-c1fe-4325-84e8-90bec374c2dd","bypassConsent":false,"dataSets":{"tokenizationdemo.database.windows.net,tokenizationdb":{"dataSources":{"tbColumnList":{"tableName":"[dbo].[tbColumnList]"},"tbApproveRequestDetails":{"tableName":"[dbo].[tbApproveRequestDetails]"}}}},"apiTier":"Premium","isCustomApiConnection":false,"authenticationType":"sqlAuthentication","actions":["providers/PowerPlatform.Governance/Operations/Read","providers/PowerPlatform.Governance/Operations/Write","providers/PowerPlatform.Governance/Operations/Delete"],"endpoints":["tokenizationdemo.database.windows.net,tokenizationdb"]},"5a28e4b6-95f4-47ab-ab25-574dfa7869d4":{"id":"fef40a56-7e3c-46ad-b4f0-4547afd72296","displayName":"SQL Server","iconUri":"https://connectoricons-prod.azureedge.net/releases/v1.0.1580/1.0.1580.2840/sql/icon.png","dataSources":["tbApprove"],"dependencies":[],"dependents":[],"parameterHints":{},"parameterHintsV2":{},"isOnPremiseConnection":false,"sharedConnectionId":"8598df24-b1a3-455c-a16d-53f57c2b0c6a","bypassConsent":false,"dataSets":{"tokenizationdemo.database.windows.net,tokenizationdb":{"dataSources":{"tbApprove":{"tableName":"[dbo].[tbApprove]"}}}},"apiTier":"Premium","isCustomApiConnection":false,"authenticationType":"sqlAuthentication","actions":["providers/PowerPlatform.Governance/Operations/Read","providers/PowerPlatform.Governance/Operations/Write","providers/PowerPlatform.Governance/Operations/Delete"],"endpoints":["tokenizationdemo.database.windows.net,tokenizationdb"]},"963d6a8a-5e08-4447-8c23-db6b5f6b9d68":{"id":"4d1f57e1-a207-4347-b328-0c1a2e19bd48","displayName":"Logic flows","iconUri":"https://connectoricons-prod.azureedge.net/releases/v1.0.1534/1.0.1534.2605/logicflows/icon.png","dataSources":["TokenizeApprovalFlow"],"dependencies":["f9c1cda9-f785-48d1-b82f-a6630c2190bb"],"dependents":[],"parameterHints":{"workflowName":{"value":"23acb409-68cb-4a28-be19-b53605ceb978"},"workflowEntityId":{},"f9c1cda9-f785-48d1-b82f-a6630c2190bb":{"value":"shared_teams"}},"parameterHintsV2":{"workflowName":{"value":"23acb409-68cb-4a28-be19-b53605ceb978"},"workflowEntityId":{},"shared_teams":{"value":"f9c1cda9-f785-48d1-b82f-a6630c2190bb"}},"isOnPremiseConnection":false,"bypassConsent":false,"dataSets":{},"apiTier":"Standard","isCustomApiConnection":false,"actions":["Run"],"nestedActions":[{"id":"/providers/Microsoft.PowerApps/apis/shared_teams/apiOperations/PostCardToConversation","apiName":"Microsoft Teams","actionName":"PostCardToConversation","referencedResources":[]}]},"f9c1cda9-f785-48d1-b82f-a6630c2190bb":{"id":"cf51406c-0cd1-41f8-8b89-680d30c03a0c","displayName":"Microsoft Teams","iconUri":"https://connectoricons-prod.azureedge.net/releases/v1.0.1580/1.0.1580.2838/teams/icon.png","dataSources":[],"dependencies":[],"dependents":["963d6a8a-5e08-4447-8c23-db6b5f6b9d68"],"parameterHints":{},"parameterHintsV2":{},"isOnPremiseConnection":false,"bypassConsent":false,"dataSets":{},"apiTier":"Standard","isCustomApiConnection":false}},"databaseReferences":{},"almMode":"Environment","performanceOptimizationEnabled":true,"canConsumeAppPass":true,"executionRestrictions":{"isTeamsOnly":false,"dataLossPreventionEvaluationResult":{"status":"Compliant","lastEvaluationDate":"2022-06-16T12:37:03.2670737Z","violations":[],"violationsByPolicy":[],"violationErrorMessage":"The app uses the following connectors: shared_sql, shared_logicflows, shared_teams."},"httpActionRestriction":{"appUsesSharepointHttpAction":false,"enforcementStrategy":"Legacy","evaluationTime":"2022-06-16T12:37:03.2669467Z"}}},"appType":"ClassicCanvasApp","appComponents":[]}}