{"$schema":"http://schema.management.azure.com/schemas/2015-01-01/deploymentTemplate.json#","contentVersion":"1.0.0.0","parameters":{"workspaceName":{"type":"string","metadata":"Workspace name","defaultValue":"mtcistanbulsynapse"},"TokenizationDemoSourceDb":{"type":"string"},"TokenizationSQLDB":{"type":"string"}},"variables":{"workspaceId":"[concat('Microsoft.Synapse/workspaces/', parameters('workspaceName'))]"},"resources":[{"name":"[concat(parameters('workspaceName'), '/SyncTableListToDB')]","type":"Microsoft.Synapse/workspaces/pipelines","apiVersion":"2019-06-01-preview","properties":{"activities":[{"name":"GetTableList","type":"Script","dependsOn":[],"policy":{"timeout":"7.00:00:00","retry":0,"retryIntervalInSeconds":30,"secureOutput":false,"secureInput":false},"userProperties":[],"linkedServiceName":{"referenceName":"[parameters('TokenizationDemoSourceDb')]","type":"LinkedServiceReference"},"typeProperties":{"scripts":[{"parameters":[{"name":"schema","type":"String","value":{"value":"@pipeline().parameters.schema","type":"Expression"},"direction":"Input"},{"name":"table","type":"String","value":{"value":"@pipeline().parameters.table","type":"Expression"},"direction":"Input"}],"type":"Query","text":"select SCHEMA_NAME(schema_id) as SchemaName, t.name as TableName, c.name as ColumnName\nfrom sys.tables t \ninner join sys.columns c on c.object_id = t.object_id\n where --SCHEMA_NAME(t.schema_id)= @schema and t.name = @table\nt.name not in ('tbApprove', \n'tbApproveRequestDetail',\n'tbColumnList',\n'tbDetokenizeDefinition',\n'tbTableList',\n'tbTokens'\n\n)"}]}},{"name":"ForEach1","type":"ForEach","dependsOn":[{"activity":"GetTableList","dependencyConditions":["Succeeded"]}],"userProperties":[],"typeProperties":{"items":{"value":"@activity('GetTableList').output","type":"Expression"},"activities":[{"name":"InsertJSONtoDB","type":"Script","dependsOn":[],"policy":{"timeout":"7.00:00:00","retry":0,"retryIntervalInSeconds":30,"secureOutput":false,"secureInput":false},"userProperties":[],"linkedServiceName":{"referenceName":"[parameters('TokenizationSQLDB')]","type":"LinkedServiceReference"},"typeProperties":{"scripts":[{"parameters":[{"name":"column","type":"String","value":{"value":"@item().ColumnName","type":"Expression"},"direction":"Input"},{"name":"schema","type":"String","value":{"value":"@item().SchemaName","type":"Expression"},"direction":"Input"},{"name":"table","type":"String","value":{"value":"@item().TableName","type":"Expression"},"direction":"Input"}],"type":"Query","text":{"value":"\nDELETE FROM tbColumnList WHERE TableName=@table AND SchemaName=@schema and ColumnName = @column;\ninsert into tbColumnList \nvalues( @schema, @table, @column, 1, 0)","type":"Expression"}}]}}]}}],"policy":{"elapsedTimeMetric":{},"cancelAfter":{}},"parameters":{"schema":{"type":"string","defaultValue":"dbo"},"table":{"type":"string","defaultValue":"Trip"}},"folder":{"name":"FinanceDatamartDemo"},"annotations":[],"lastPublishTime":"2022-05-24T11:59:06Z"},"dependsOn":[]}]}